"id","site","job_url","job_url_direct","title","company","location","date_posted","job_type","salary_source","interval","min_amount","max_amount","currency","is_remote","job_level","job_function","listing_type","emails","description","company_industry","company_url","company_logo","company_url_direct","company_addresses","company_num_employees","company_revenue","company_description","skills","experience_range","company_rating","company_reviews_count","vacancy_count","work_from_home_type"
"li-4336296082","linkedin","https://www.linkedin.com/jobs/view/4336296082","","Software Engineer","The Value Maximizer","","2025-11-15","fulltime","","","","","",False,"mid-senior level","Other","","","**About The Role**
 We are seeking a skilled
 **Software Engineer** 
 to join our growing team. You will play a key role in building and shipping core product features, collaborating with cross\\-functional teams, and helping shape both our technology and engineering culture. This role is ideal for someone who is passionate about writing clean, scalable code and enjoys mentoring others while working in a highly collaborative environment.
   

  

**Key Responsibilities**
* Develop, test, and deploy core product features from design through production
* Write clean, maintainable, and well\\-documented code using modern frameworks
* Participate in peer code reviews and provide constructive feedback
* Mentor junior team members through pairing, guidance, and ongoing support
* Assist in release planning, deployment, and post\\-release analysis
* Collaborate with product and design teams to deliver user\\-centric solutions
* Engage in technical discussions and contribute to documentation and process improvement initiatives


**Required Qualifications**
* 3\\+ years of professional software development experience
* Strong proficiency in modern JavaScript (React) and Python or comparable full\\-stack technologies
* Experience working with Git\\-based workflows and asynchronous collaboration tools
* Strong communication skills, attention to detail, and ownership mindset
* Ability to write tests and debug across the web stack


**Preferred Qualifications**
* Experience building B2B or SaaS products
* Familiarity with QA methodologies and test automation
* Exposure to CI/CD pipelines and cloud infrastructure (e.g., AWS, Docker)
* Prior experience mentoring engineers or providing technical leadership","IT Services and IT Consulting","https://vn.linkedin.com/company/the-value-maximizer","https://media.licdn.com/dms/image/v2/C560BAQFQlS1u4mikHQ/company-logo_100_100/company-logo_100_100/0/1679561982486/the_value_maximizer_logo?e=2147483647&v=beta&t=WFle2B8eNGE3ce1__YExhJZmD-S_bp3Yw6zqROG0V0Y","","","","","","","","","","",""
"li-4340606891","linkedin","https://www.linkedin.com/jobs/view/4340606891","","Full stack development (Mid-Level)","ITGRATE","","2025-11-15","fulltime","","","","","",False,"mid-senior level","Information Technology","","","At
 **ITGRATE** 
 , we bring together digital strategy, high\\-quality software development, and innovation. Our hybrid team of engineers, consultants, and product thinkers spans Vietnam and Europe, delivering smart digital solutions that create long\\-term value for our clients. We believe in combining technical excellence with a human\\-centered approach—across mobile, cloud, and AI\\-driven solutions.
 


  


 We are growing and looking for a
 **Digital Consultant** 
 — a
 **mid\\-level Digital Expert** 
 who can own technical modules, mentor junior colleagues, and support the delivery of innovative software systems. We are particularly excited about
 **AI tools and workflow/agent\\-based automation** 
 to raise quality and efficiency in our delivery process—so if you’re passionate about that, we want to hear from you.
 


  

 Tasks
   


 As a
 **Digital Consultant** 
 at ITGRATE, you will:
 


  

  
* Take technical ownership of features and software components in mobile or web projects.
  
* Work with cross\\-functional teams (Product, Design, QA, DevOps).
  
* Develop and maintain apps and backend systems using best practices and modern tools.
  
* Investigate and solve bugs and performance issues across environments.
  
* Contribute to architectural decisions and internal tooling discussions.
  
* Mentor junior team members and conduct code reviews.
  
* Engage with clients and project managers in English and/or Vietnamese.
  
* Help explore and integrate AI tools, workflows, and automation agents into project delivery.
  


  

 Requirements
   


 We’re looking for someone who:
 


  

  
* Has
 **3–5 years** 
 of experience in mobile or software development.
  
* Specializes in
 **one of the following technologies** 
 :
  
* **Flutter**
  
* **Native Android (Kotlin/Java)**
  
* **Native iOS (Swift/Objective\\-C)**
  
* Understands
 **object\\-oriented programming** 
 principles deeply.
  
* Is curious and open to
 **new technologies** 
 such as
 **AI agents, cloud computing, DevOps, and CI/CD tools** 
 .
  
* Communicates clearly in
 **both English and Vietnamese** 
 ; German is a bonus.
  
* Works proactively, takes initiative, and is a reliable team player.
  


  


**Bonus Points If You** 



  

  
* Have worked in consulting or client\\-facing roles.
  
* Have experience with
 **cloud\\-native platforms** 
 or containerized deployment (e.g., AWS, GCP, Docker).
  
* Have contributed to open\\-source or side projects.
  
* Have knowledge of process automation, data pipelines, or AI toolchains.
  


  

 Benefits
   

  
* Flexible working hours.
  
* Opportunity to work with western clients.
  
* Exposure to diverse projects and industries.
  
* Potential for ongoing collaboration based on performance and project needs.
  


  


 A transparent
 **career development path** 
 toward Senior Digital Consultant or Architect.
 


  

  
* Exposure to international projects with high\\-quality standards.
  
* Flexible
 **hybrid work culture** 
 with a base in HCMC.
  
* Annual
 **learning \\& development budget** 
 for upskilling, certifications, and tech events.
  
* Opportunities to experiment with
 **AI\\-driven workflows and automation agents** 
 .
  
* A collaborative, multicultural team that values trust, transparency, and ownership.
  


  


 Our Hiring Process:
 


  

  
2. **Intro Call** 
 – Get to know each other.
  
4. **Tech Interview** 
 – With our developers and consultants.
  
6. **Case Challenge** 
 – Show us how you think and build.
  
8. **Final Interview \\& Offer** 
 – Culture fit, goals, and what success looks like.
  


  


 Note:
 


  

  
* Only short\\-listed candidates will be contacted.
  
* Vietnamese nationals preferred.
  
* Please include your reference contacts and your portfolio (if available) in your CV.","IT Services and IT Consulting","https://de.linkedin.com/company/itgrate","https://media.licdn.com/dms/image/v2/C4D0BAQFgrlLa3guHQQ/company-logo_100_100/company-logo_100_100/0/1630560105742/itgrate_logo?e=2147483647&v=beta&t=rCUT4ZKPcoBJOxbT1Z6G3s7Z1D1X7N2eHNrEiNIIhWM","","","","","","","","","","",""
"li-4278607789","linkedin","https://www.linkedin.com/jobs/view/4278607789","","Frontend Engineer","WorldQuant","Hanoi, Hanoi, Vietnam","2025-11-15","fulltime","","","","","",False,"mid-senior level","Engineering and Information Technology","","","WorldQuant develops and deploys systematic financial strategies across a broad range of asset classes and global markets. We seek to produce high\\-quality predictive signals (alphas) through our proprietary research platform to employ financial strategies focused on market inefficiencies. Our teams work collaboratively to drive the production of alphas and financial strategies – the foundation of a balanced, global investment platform.
   

  

 WorldQuant is built on a culture that pairs academic sensibility with accountability for results. Employees are encouraged to think openly about problems, balancing intellectualism and practicality. Excellent ideas come from anyone, anywhere. Employees are encouraged to challenge conventional thinking and possess an attitude of continuous improvement.
   

  

 Our goal is to hire the best and the brightest. We value intellectual horsepower first and foremost, and people who demonstrate an outstanding talent. There is no roadmap to future success, so we need people who can help us build it.
   

  

 Technologists at WorldQuant research, design, code, test and deploy firmwide platforms and tooling while working collaboratively with researchers. Our environment is relaxed yet intellectually driven. We seek people who think in code and are motivated by being around like\\-minded people.
   

  

**What You'll Do**
* Develop/Maintain internal web applications on cloud and on premise
* Write well designed, testable code by using state of the art software development practices
* Create website layout/user interface by using standard HTML/CSS practices
* Create and maintain software documentation


**What You’ll Bring**
* Experience in HTML, CSS, JavaScript/TypeScript
* 4 years of demonstrated experience developing scalable and robust software web applications
* Experience with popular JavaScript libraries and tools such as React.js, jQuery, NPM
* Expertise in Python web frameworks such as Django, Flask and others
* Experience with CI/CD and version control systems
* Experience with GCP
* Working experience with SQL databases (MySQL, PostgreSQL)
* A solid background in Unix/Linux environment
* Excellent debugging and problem\\-solving skills
* Strong knowledge and understanding of algorithm and data structures
* Finance experience is not required


**What We Offer**
* Competitive and attractive compensation package with clear career road\\-map – where you feel challenged everyday
* We offer a strong culture of learning and development: training courses, library, speakers, share and learn events
* Learn from who sits next to you! Working in WQ you are surrounded by smart and talented people
* Premium Health Insurance and Employee Assistance Program
* Generous time\\-off policy, re\\-creation sabbatical leave (based on tenure), Trade Union benefits for staff and family
* Team building activities every month: Local engagement events, monthly team lunch – Employee clubs: football, ping\\-pong, badminton, yoga, running, PS5, movies, etc.
* Annual company trip and occasional global conferences – opportunity to travel and connect with our global teams
* Happy\\-hour with tea break, snacks and meals every day in the office!


 By submitting this application, you acknowledge and consent to terms of the WorldQuant Privacy Policy. The privacy policy offers an explanation of how and why your data will be collected, how it will be used and disclosed, how it will be retained and secured, and what legal rights are associated with that data (including the rights of access, correction, and deletion). The policy also describes legal and contractual limitations on these rights. The specific rights and obligations of individuals living and working in different areas may vary by jurisdiction.
   

  

 Copyright © 2025 WorldQuant, LLC. All Rights Reserved.
   

  

 WorldQuant is an equal opportunity employer and does not discriminate in hiring on the basis of race, color, creed, religion, sex, sexual orientation or preference, age, marital status, citizenship, national origin, disability, military status, genetic predisposition or carrier status, or any other protected characteristic as established by applicable law.","Financial Services","https://www.linkedin.com/company/worldquant","https://media.licdn.com/dms/image/v2/C4E0BAQHlu_IiYRNYHQ/company-logo_100_100/company-logo_100_100/0/1651252049780/worldquant_logo?e=2147483647&v=beta&t=58woaXvHFRRnldOXVDoPhdwvWmNdsujKF6-UkICIbL4","","","","","","","","","","",""
"li-4319071111","linkedin","https://www.linkedin.com/jobs/view/4319071111","","Software Engineer - Ho Chi Minh City Based","McKinsey & Company","","2025-11-14","fulltime","","","","","",False,"associate","Consulting, Engineering, and Information Technology","","","**Who You'll Work With**
 Driving lasting impact and building long\\-term capabilities with our clients is not easy work. You are the kind of person who thrives in a high performance/high reward culture \\- doing hard things, picking yourself up when you stumble, and having the resilience to try another way forward.
   

  

 In return for your drive, determination, and curiosity, we'll provide the resources, mentorship, and opportunities you need to become a stronger leader faster than you ever thought possible. Your colleagues—at all levels—will invest deeply in your development, just as much as they invest in delivering exceptional results for clients. Every day, you'll receive apprenticeship, coaching, and exposure that will accelerate your growth in ways you won’t find anywhere else.
   

  

 When you join us, you will have:
   

  

* Continuous learning: Our learning and apprenticeship culture, backed by structured programs, is all about helping you grow while creating an environment where feedback is clear, actionable, and focused on your development. The real magic happens when you take the input from others to heart and embrace the fast\\-paced learning experience, owning your journey.
* A voice that matters: From day one, we value your ideas and contributions. You’ll make a tangible impact by offering innovative ideas and practical solutions, all while upholding our unwavering commitment to ethics and integrity. We not only encourage diverse perspectives, but they are critical in driving us toward the best possible outcomes.
* Global community: With colleagues across 65\\+ countries and over 100 different nationalities, our firm’s diversity fuels creativity and helps us come up with the best solutions for our clients. Plus, you’ll have the opportunity to learn from exceptional colleagues with diverse backgrounds and experiences.
* World\\-class benefits: On top of a competitive salary (based on your location, experience, and skills), we provide a comprehensive benefits package to enable holistic well\\-being for you and your family.


**Your Impact**
 As an Engineer II, you will collaborate with a global network of technologists, designers, and strategists to help clients transform their businesses through innovative digital solutions. In this hands\\-on role, you’ll develop cutting\\-edge products, mentor client teams, and shape engineering cultures while growing your expertise across diverse industries and technologies.
   

  

 In this role, you will work hands\\-on with clients across industries to bring their digital ambitions to life. You will develop software products and services from the ground up while coaching and mentoring client teams on engineering best practices, user\\-centric design, and Agile values. By co\\-creating with clients and their leadership, you’ll help build not only cutting\\-edge products but also the technical capabilities and cultures needed to sustain them.
   

  

 Your work will drive meaningful change for clients and their industries. You will participate in cross\\-functional problem\\-solving sessions with client leaders, shaping their digital strategies and delivering solutions that go beyond the product itself. Your efforts will help clients build scalable teams and engineering cultures that enable long\\-term success.
   

  

 You will collaborate with clients across industries to turn their digital ambitions into reality through hands\\-on technical expertise. Based in one of our global locations, you will be part of McKinsey Digital, a multidisciplinary group of software engineers, Agile coaches, designers, and technologists passionate about creating industry\\-shaping products and tools.
   

  

 At McKinsey, you’ll grow as a technologist and leader. You’ll work across diverse industries and technologies, learning something new with every project. With opportunities to contribute to digital strategies, build impactful products, and mentor others, you’ll have the freedom to chart your own path and grow in the areas that excite you most.
   

  

**Your Qualifications and Skills**
* Undergraduate or master’s degree; or equivalent experience
* 2\\-5\\+ years of experience developing full\\-stack applications by writing code that is readable, testable, maintainable, and scalable
* Full\\-stack engineers with a strong focus on data engineering / data science
* Demonstrated experience working collaboratively with other developers, as well as technical and non\\-technical people within software teams
* Demonstrated knowledge and hands\\-on experience across the full application stack with some of the following languages/frameworks: UI: JavaScript, TypeScript, React.js, Angular.js, Next.js, Vue.js, Java, Sprint, C\\#, Node.js, SQL, MongoDB, cloud\\-native databases, AWS, Azure, GCP, Jenkins, Docker, Circle CI, Travis
* Ability to write high\\-quality, self\\-documenting code using test\\-driven development techniques
* Familiarity with testing and debugging processes, including unit testing and UI testing
* Passion for Linux and other open\\-source platforms
* Experience working in Agile teams, including active participation in sprint ceremonies.
* Experience pair programming collaboratively with other developers
* Exceptional time management to meet your responsibilities in a complex and largely autonomous work environment
* Strong communication skills, both verbal and written, in English and local office language(s), with the ability to adjust your style to suit different perspectives and seniority levels","Software Development, Information Services, and IT Services and IT Consulting","https://www.linkedin.com/company/mckinsey","https://media.licdn.com/dms/image/v2/D4E0BAQF08d-lL0S8Yw/company-logo_100_100/B4EZfGo_vEHwAU-/0/1751384325462/mckinsey_logo?e=2147483647&v=beta&t=P3abTRpIONcdk1z09C5UOtL9XFRKOXdE00F8Yb9E9uM","","","","","","","","","","",""
"li-4323907568","linkedin","https://www.linkedin.com/jobs/view/4323907568","","Software Engineer","Microsoft","Ho Chi Minh City, Ho Chi Minh City, Vietnam","2025-11-14","fulltime","","","","","",False,"not applicable","Engineering and Information Technology","","","Would you be excited to drive major changes to a scale service that is critical to the company? Substrate is the data and intelligence platform that enables internal partner teams at Microsoft to build, deploy, and maintain compliant productivity apps and services with reduced effort and faster time to market. We work closely with partners across M365 to enable critical suite\\-wide scenarios.
   

  

 The Substrate Core Substrate team powers the infrastructure that underpins Microsoft 365’s most critical services and Copilot. We are a high\\-impact, forward\\-looking team focused on building intelligent, scalable, and cost\\-efficient platforms that enable Microsoft to deliver world\\-class productivity experiences to billions of users. Our mission is to drive operational excellence and innovation across the M365 fleet by leveraging AI, automation, and deep platform integration.
   

  

 We are looking for a passionate and growth\\-oriented
 **Software Engineer** 
 to join our team in building a platform that drives financial accountability and operational efficiency across Microsoft’s shared infrastructure. This role offers an opportunity to work on impactful systems that enable M365 Copilot. This system aims to help us deliver the platform that makes Copilot innovation fast, reliable, and regression\\-free.
   

  

 Microsoft’s mission is to empower every person and every organization on the planet to achieve more. As employees we come together with a growth mindset, innovate to empower others, and collaborate to realize our shared goals. Each day we build on our values of respect, integrity, and accountability to create a culture of inclusion where everyone can thrive at work and beyond.
   

  

**Responsibilities**
* Design and Implementation: Contribute to the architecture and design of product features. Test design hypotheses and refine code plans with guidance from senior engineers.
* Coding and Debugging: Write clean, maintainable, and extensible code. Conduct retrospective debugging to identify root causes of issues and implement fixes.
* Collaboration: Work with product managers, designers, and other engineers to define requirements and deliver end\\-to\\-end solutions. Participate in code reviews and team discussions.
* Telemetry and Observability: Integrate instrumentation to gather telemetry data on system behavior, including performance, reliability, and usage.
* Customer Focus: Understand customer pain points and translate them into technical solutions. Advocate for user experience in design and implementation decisions.


**Qualifications**
**Required Qualifications:**
* Bachelor's Degree in Computer Science or related technical field AND 1\\+ years technical engineering experience with coding in languages including, but not limited to, C, C\\+\\+, C\\#, Java, JavaScript, or Python
+ OR equivalent experience.

* Experience with large\\-scale cloud or distributed systems.
* Proficiency in any of the languages such as C\\#, Java, Python, or JavaScript etc.
* Familiarity with CI/CD pipelines, agile methodologies, and modern development practices.
* Passionate about AI, innovation, and emerging technologies.


**Other Requirements**
 Ability to meet Microsoft, customer and/or government security screening requirements are required for this role. These requirements include but are not limited to the following specialized security screenings:
   

  

* Microsoft Cloud Background Check: This position will be required to pass the Microsoft Cloud background check upon hire/transfer and every two years thereafter.


**Preferred Qualifications**
* Master's Degree in Computer Science or related technical field AND 3\\+ years technical engineering experience with coding in languages including, but not limited to, C, C\\+\\+, C\\#, Java, JavaScript, or Python
+ OR Bachelor's Degree in Computer Science or related technical field AND 5\\+ years technical engineering experience with coding in languages including, but not limited to, C, C\\+\\+, C\\#, Java, JavaScript, or Python
+ OR equivalent experience.


 \\#M365Core
   

  

 Microsoft is an equal opportunity employer. Consistent with applicable law, all qualified applicants will receive consideration for employment without regard to age, ancestry, citizenship, color, family or medical care leave, gender identity or expression, genetic information, immigration status, marital status, medical condition, national origin, physical or mental disability, political affiliation, protected veteran or military status, race, ethnicity, religion, sex (including pregnancy), sexual orientation, or any other characteristic protected by applicable local laws, regulations and ordinances. If you need assistance and/or a reasonable accommodation due to a disability during the application process, read more about requesting accommodations.","Software Development","https://www.linkedin.com/company/microsoft","https://media.licdn.com/dms/image/v2/D560BAQH32RJQCl3dDQ/company-logo_100_100/B56ZYQ0mrGGoAU-/0/1744038948046/microsoft_logo?e=2147483647&v=beta&t=rr_7_bFRKp6umQxIHErPOZHtR8dMPIYeTjlKFdotJBY","","","","","","","","","","",""
"li-4209738941","linkedin","https://www.linkedin.com/jobs/view/4209738941","","Junior Developer (Javascript & HTML)","SOCOTEC","Đình Ba, Hanoi, Vietnam","2025-11-14","fulltime","","","","","",True,"executive","Information Technology","","","**Description Du Poste** 
**Company Description**
 The SOCOTEC Group offers its customers and partners missions throughout the life cycle of infrastructure and buildings to ensure compliance, extend their lifespan, improve their technical, energy and environmental performance, and thus guarantee the safety of people. Independent trusted third party and with offices in 26 countries and more than 11,300 people.
   

  

 SOCOTEC is a leading player in risk management and technical advice in the world. Established in Vietnam since 2018, SOCOTEC Vietnam works closely with colleagues in France, Germany, Italy, UK, USA, Spain, Netherlands and other SOCOTEC offices. For our office in Hanoi, we are looking immediately for a Technical Reporting Engineer
   

  

**Job Description**
* Design and develop custom worksheets, reports, and workflows using JavaScript and XML, with guidance from the Team.
* Troubleshoot and resolve technical issues in applications, including configuration and deployment support.
* Collaborate with cross\\-functional teams to translate business needs into data\\-driven solutions.
* Learn and adapt to SpectraQEST and other enterprise systems (training provided).
* Contribute to projects that integrate with wider infrastructure (networks, OS, etc.)
* Receive mentorship to expand your skills in database design, SQL scripting, and future full stack development.


**Qualifications**
* Degree in Computer Science, IT, or related field or equivalent hands\\-on experience (e.g., coding bootcamps, personal projects).
* 1\\+ years of hands\\-on experience with JavaScript and XML
* Basic understanding of SQL (querying, data extraction) and relational databases
* Strong logical reasoning and ability to translate requirements into functional code.
* Exposure to backend development or data\\-driven applications is an advantage
* Familiarity with network/infrastructure basics (OS, APIs, etc.) is an advantage
* Eagerness to learn enterprise systems like SpectraQEST (no prior experience needed)
* Problem\\-solving mindset with a focus on teamwork and collaboration.
* Ability to work independently on tasks while staying aligned with team goals.


**Additional Information**
* Attractive salary and bonus with annual revision
* Compulsory insurance pay as gross monthly salary
* Flexible working time with 12 annual leave days \\& 15 work from home days
* Team\\-building activities, Sport Clubs
* Cooperation with colleagues around the world in a leading global group
* Strong team spirit in an entrepreneurial environment of a growing company
* People values, social responsibility and sustainability
* Opportunities for self\\-development and career advancement
* Internal training courses (technical, foreign language, soft skill)","Software Development","https://fr.linkedin.com/company/socotec","https://media.licdn.com/dms/image/v2/C560BAQGf8uzRAAZS5w/company-logo_100_100/company-logo_100_100/0/1631333589236?e=2147483647&v=beta&t=a4J3QjOv68M_7HGX654MC29EiGKNdVZn0V2jFJK8jcw","","","","","","","","","","",""
"li-4340507914","linkedin","https://www.linkedin.com/jobs/view/4340507914","","Junior Backend Engineer","Employment Hero","Ho Chi Minh City, Ho Chi Minh City, Vietnam","2025-11-14","fulltime","","","","","",True,"associate","Engineering","","","**Who We Are**
 Employment Hero is on a mission to make employment easier and more valuable for everyone. Our Employment Operating System brings hiring, HR, payroll and benefits into an all\\-in\\-one solution.
   

  

 Since our inception in 2014, we've scaled to a $2 billion valuation and gained a presence in 6 countries globally \\- Australia, New Zealand, Singapore, Malaysia, the UK and Canada. We now service over 300,000 businesses and more than 2 million employees.
   

  

**The EH Way**
 At Employment Hero, we're proud of our unique DNA, which we call The EH Way.
   

  

* We are Mission First \\- everything we do (from what we work on, to how we allocate capital and where we focus) is driven by our Mission
* We are Remote First \\- we champion a remote environment with a preference for asynchronous communication and a high degree of autonomy
* We are AI First \\- we are committed to using AI to accelerate our mission; AI is not just a tool, it's a fundamental part of how we operate, innovate, and scale
* We are Apolitical \\- we do not take a position on political or social topics, unless it relates to our Mission
* We Live by Our Values \\- we role model our values 100% of the time
* We Expect High Performance \\- we set a high standard and we're not satisfied with being average


**Requirements**
**Your skills and experience**
 To thrive at Employment Hero, you'll need to embody The EH Way \\- operating with focus, agility, and an obsession with impact. For this role, you'll also bring
   

  

* Over 2 years of hands\\-on experience in backend or API development
* You have engineering fundamentals, including understanding of databases, RESTful APIs, and software design patterns
* You are proficient in at least one backend programming language and comfortable learning new ones (we'll help you upskill in our stack)
* You understand version control (Git), CI/CD, and automated testing, and are familiar with Agile development workflows
* You take ownership of the problems you solve, think beyond the code, and care about delivering meaningful outcomes for users
* You communicate effectively, embrace feedback, and enjoy collaborating across functions and time zones
* You have a growth mindset, always learning, experimenting, and refining your technical and problem\\-solving skills
* You have experience with frontend technologies such as React and TypeScript, or you're eager to upskill and take on FullStack responsibilities as part of your growth path


**Benefits**
**What we can offer**
 At Employment Hero, we don't just talk about a better way to work \\- we live it. Joining Employment Hero means
   

  

* You will work remotely, with the flexibility to own your time and impact
* You will access cutting\\-edge tools to amplify your work, knowledge and outputs
* You'll surround yourself with ambitious, outcome\\-driven colleagues who challenge you to do the best work of your life
* You'll own ESOP (employee share options) in one of the world's fastest\\-growing tech companies
* You'll also have access to a wide range of benefits that includes \\- a very generous paternity leave policy, subsidised egg freezing (so you can make the choice that's right for you, on your terms), a WFH office expense budget, and outstanding learning \\& development opportunities


*At Employment Hero, we are committed to safeguarding the privacy of your application data. To understand how we do so, you can read our Applicant Privacy Policy* 
*here*
*Employment Hero celebrates diverse perspectives and experiences, we invite people of all backgrounds and identities to apply for this position.*","Technology, Information and Internet","https://au.linkedin.com/company/employment-hero","https://media.licdn.com/dms/image/v2/D560BAQEMgvBwgbKtjQ/company-logo_100_100/B56ZWHcbs2HQAQ-/0/1741734133378/employment_hero_logo?e=2147483647&v=beta&t=10jbA9QVrMRAa51zsagpX4fCdhIooWxEmdTYTCMVTS4","","","","","","","","","","",""
"li-4336073676","linkedin","https://www.linkedin.com/jobs/view/4336073676","https://dungnguoidungviec.com/tin-tuyen-dung/javascript-developer-intern-cong-ty-tnhh-bosch-global-software-technologies-XSxJtChfJJufqm1&urlHash=kiCa","JavaScript Developer Intern","ĐÚNG NGƯỜI ĐÚNG VIỆC Community","Phường Chí Minh, Hai Duong, Vietnam","2025-11-14","fulltime","","","","","",False,"internship","Engineering and Information Technology","","","Mô tả công việc
   

  

* Analyze, design, and develop business workflows application on low code no code platform
* Implement custom actions and logic using JavaScript where advance feature / logic / validation required.
* Collaborate with business analysts and stakeholders to ensure workflows meet business requirements.


**Culture\\-fit Requirement**
* Take ownership and follow up
* Professional in communication and deliverables
* Result and success oriented
* High energy and passionate
* Teamwork spirit \\& high result oriented
* Ambitious and focus on action.
* Be curious, wiling to learn and get new assignments or projects.


 Yêu cầu công việc
   

  

* Recommendation Letter for 6\\-months internship program from your University is a MUST.
* Senior or final year student pursuing a Bachelor's or Master degree in Computer Science, Information Technology, or a related subject.
* Basic understanding of JavaScript and HTML.
* Familiarity with debugging JavaScript applications.
* Strong problem\\-solving skills and attention to detail.
* Ability to read and comprehend existing code.
* Willingness to learn and adapt to different coding practices.
* Prior experience with web development (coursework, personal projects, or internships) is a plus.


 Tại sao bạn yêu thích làm việc tại đây
   

  

* Monthly Internship Allowance, plus Meal and Parking support.
* 1 paid leave day \\+ 1 sick leave day for each internship month.
* 1 birthday leave day if your birthday falls during the internship period.
* Accident insurance provided throughout the internship.
* Opportunity to observe and engage in international projects and innovation.
* Access to our diverse training programs which surely help strengthen both your personal and professionalism.
* Participation in various company activities such as football, yoga, badminton, and team building.


 Địa điểm làm việc
   

  

* Hồ Chí Minh: 364 Cộng Hòa, Tân Bình


 Thời gian làm việc
   

  

 Thứ 2 \\- Thứ 6 (từ 08:00 đến 17:00\\)","Professional Organizations","https://vn.linkedin.com/company/dungnguoidungviec","https://media.licdn.com/dms/image/v2/D560BAQGZgbFhjnuiQg/company-logo_100_100/company-logo_100_100/0/1729133843131/dungnguoidungviec_logo?e=2147483647&v=beta&t=8shfQI8yy1G9nDMFKw43NJhX3jttLF5Xpl3u3PKfUqQ","","","","","","","","","","",""
"li-4340497914","linkedin","https://www.linkedin.com/jobs/view/4340497914","","Junior Backend Engineer","Employment Hero","Hanoi, Hanoi, Vietnam","2025-11-14","fulltime","","","","","",True,"associate","Engineering","","","**Who We Are**
 Employment Hero is on a mission to make employment easier and more valuable for everyone. Our Employment Operating System brings hiring, HR, payroll and benefits into an all\\-in\\-one solution.
   

  

 Since our inception in 2014, we've scaled to a $2 billion valuation and gained a presence in 6 countries globally \\- Australia, New Zealand, Singapore, Malaysia, the UK and Canada. We now service over 300,000 businesses and more than 2 million employees.
   

  

**The EH Way**
 At Employment Hero, we're proud of our unique DNA, which we call The EH Way.
   

  

* We are Mission First \\- everything we do (from what we work on, to how we allocate capital and where we focus) is driven by our Mission
* We are Remote First \\- we champion a remote environment with a preference for asynchronous communication and a high degree of autonomy
* We are AI First \\- we are committed to using AI to accelerate our mission; AI is not just a tool, it's a fundamental part of how we operate, innovate, and scale
* We are Apolitical \\- we do not take a position on political or social topics, unless it relates to our Mission
* We Live by Our Values \\- we role model our values 100% of the time
* We Expect High Performance \\- we set a high standard and we're not satisfied with being average


**Requirements**
**Your skills and experience**
 To thrive at Employment Hero, you'll need to embody The EH Way \\- operating with focus, agility, and an obsession with impact. For this role, you'll also bring
   

  

* Over 2 years of hands\\-on experience in backend or API development
* You have engineering fundamentals, including understanding of databases, RESTful APIs, and software design patterns
* You are proficient in at least one backend programming language and comfortable learning new ones (we'll help you upskill in our stack)
* You understand version control (Git), CI/CD, and automated testing, and are familiar with Agile development workflows
* You take ownership of the problems you solve, think beyond the code, and care about delivering meaningful outcomes for users
* You communicate effectively, embrace feedback, and enjoy collaborating across functions and time zones
* You have a growth mindset, always learning, experimenting, and refining your technical and problem\\-solving skills
* You have experience with frontend technologies such as React and TypeScript, or you're eager to upskill and take on FullStack responsibilities as part of your growth path


**Benefits**
**What we can offer**
 At Employment Hero, we don't just talk about a better way to work \\- we live it. Joining Employment Hero means
   

  

* You will work remotely, with the flexibility to own your time and impact
* You will access cutting\\-edge tools to amplify your work, knowledge and outputs
* You'll surround yourself with ambitious, outcome\\-driven colleagues who challenge you to do the best work of your life
* You'll own ESOP (employee share options) in one of the world's fastest\\-growing tech companies
* You'll also have access to a wide range of benefits that includes \\- a very generous paternity leave policy, subsidised egg freezing (so you can make the choice that's right for you, on your terms), a WFH office expense budget, and outstanding learning \\& development opportunities


*At Employment Hero, we are committed to safeguarding the privacy of your application data. To understand how we do so, you can read our Applicant Privacy Policy* 
*here*
*Employment Hero celebrates diverse perspectives and experiences, we invite people of all backgrounds and identities to apply for this position.*","Technology, Information and Internet","https://au.linkedin.com/company/employment-hero","https://media.licdn.com/dms/image/v2/D560BAQEMgvBwgbKtjQ/company-logo_100_100/B56ZWHcbs2HQAQ-/0/1741734133378/employment_hero_logo?e=2147483647&v=beta&t=10jbA9QVrMRAa51zsagpX4fCdhIooWxEmdTYTCMVTS4","","","","","","","","","","",""
"li-4336048100","linkedin","https://www.linkedin.com/jobs/view/4336048100","","Full Stack React and C# Developer","Frontline Data Solutions","","2025-11-14","fulltime","","","","","",False,"mid-senior level","Engineering and Information Technology","","","**The Role**
***Key Responsibilities***
* Next.js App Router: Develop and maintain scalable, high\\-performance web applications with efficient routing and rendering.
* State Management: Implement and manage state using Zustand and React Context; build clean, maintainable, and testable solutions.
* React Hooks: Leverage hooks to create reusable, efficient functional components.
* React Query: Handle asynchronous data fetching, caching, and state synchronization for seamless user experiences.
* Material\\-UI (MUI): Build beautiful, responsive user interfaces that align with design systems and accessibility standards.
* SCORM Integration: Integrate SCORM packages to ensure compatibility with learning management systems (LMS).
* .NET APIs: Create simple, functional APIs to support frontend and backend interactions.
* Performance Optimization: Optimize application performance for fast load times and smooth interactions.
* Cross\\-Functional Collaboration: Work closely with developers, designers, and product managers to deliver new features and refine existing ones.


**Ideal Profile**
***Skills You'll Need***
* 4\\+ years programming experience with React and Next.js.
* C\\# and .NET: Experience with .NET Framework 4\\.8\\.1 or .NET 8 for backend development.
* SQL: Some experience writing and optimizing queries for relational databases.
* React Query: Proficient in building and managing APIs, including data fetching, caching, and syncing.
* React Hooks: Strong understanding of built\\-in and custom hooks for creating reusable logic.
* Material\\-UI (MUI): Expertise in implementing and customizing UI components to align with design requirements.
* Testing Frameworks: Familiarity with React Testing Library and Vitest for unit and integration testing.


**Nice\\-to\\-Have Skills**
* Next.js (SSR \\& SSG): Experience with server\\-side rendering and static site generation for performance and scalability.
* Agile Development: Comfortable working in Agile environments with iterative planning and continuous delivery.
* Responsive Design: Familiarity with responsive design principles and frameworks for mobile\\-first development.
* Figma: Experience translating UI/UX designs from Figma into functional, pixel\\-perfect code.
* Performance \\& SEO: Understanding of performance optimization techniques and SEO best practices for web applications.
* SCORM \\& LMS: Prior experience integrating SCORM packages and working with learning management systems.


***What's on Offer?***
* Work within a company with a solid track record of success
* Flexible working options
* Excellent career development opportunities


 What's on Offer?
   

  

* Flexible working options
* Excellent career development opportunities
* Work within a company with a solid track record of success","Software Development","https://www.linkedin.com/company/frontline-data-solutions","https://media.licdn.com/dms/image/v2/C4D0BAQEs60moNynHAQ/company-logo_100_100/company-logo_100_100/0/1630483492280/frontline_data_solutions_inc__logo?e=2147483647&v=beta&t=S1AaGUca0IFj6M55XgjbBMvgYvUUCpqJEh5NRe0vCdU","","","","","","","","","","",""
"li-4336302281","linkedin","https://www.linkedin.com/jobs/view/4336302281","https://tuyendung.vti.com.vn/vi-VN/Career/JobDetail/2289&urlHash=8nZH","Junior SE .NET Developer","VTI","Hanoi, Hanoi, Vietnam","2025-11-14","fulltime","","","","","",False,"entry level","Engineering and Information Technology","","","MÔ TẢ CÔNG VIỆC
   

  

 Tham gia phát triển các ứng dụng sử dụng công nghệ .NET (C\\#, VB hoặc C\\+\\+)
   

  

 Tham gia thiết kế, xây dựng và tối ưu hệ thống theo yêu cầu dự án
   

  

 Phát triển ứng dụng Winform / Unity / Web
   

  

 Phối hợp với team để phân tích yêu cầu, đề xuất giải pháp kỹ thuật
   

  

 Tham gia fix lỗi, nâng cấp, bảo trì hệ thống hiện có
   

  

 YÊU CẦU
   

  

 Đối với Junior/Middle (1–2 thành viên):
   

  

 Có kinh nghiệm phát triển với .NET (C\\#, VB hoặc C\\+\\+)
   

  

 Có kinh nghiệm với Winform hoặc Web (.NET)
   

  

 Có kiến thức Frontend cơ bản: VueJS hoặc ASP.NET
   

  

 Hiểu biết về các hệ thống thuộc mảng Manufacturing hoặc Construction
   

  

 Có khả năng giải quyết về performance , data realtime, dữ liệu lớn
   

  

 Có khả năng làm việc nhóm và tư duy giải quyết vấn đề tốt
   

  

 ĐÃI NGỘ
   

  

 Tối thiểu 13 tháng lương 1 năm \\- chưa tính các khoản thưởng khác trong quá trình làm việc như thưởng theo KPI hiệu quả công việc, thưởng dự án và thưởng theo doanh thu.
   

  

 Được khám sức khỏe định kỳ hàng năm và được đóng BHXH, BHYT, BHTN đầy đủ theo luật quy định
   

  

 Hưởng chế độ nghỉ mát, teambuilding 4 lần/ 1 năm, và các hoạt động thể thao, giải trí phong phú bao gồm: các CLB Bơi, Yoga, Zumba, Kendo, yêu cầu bài hát qua radio nội bộ.
   

  

 02 nhân viên xuất sắc nhất năm sẽ được thưởng một chuyến du lịch miễn phí đến các quốc gia như Nhật Bản, Đài Loan, Singapore..v.v.
   

  

 Cơ hội thăng tiến, nâng cao thu nhập cho người có năng lực, tâm huyết và gắn bó lâu dài.
   

  

 Được đào tạo tiếng Nhật miễn phí tại công ty.
   

  

 Cơ hội được đào tạo để nâng cao nghiệp vụ chuyên môn. Cơ hội hỗ trợ thi các chứng chỉ về Cloud, AWS, PMF, PMP.
   

  

 Giờ làm việc: từ 8h30 đến 17h30, từ thứ Hai đến thứ Sáu hàng tuần.
   

  

*Ngày hết hạn: 30 tháng 11, 2025*
 Chi tiết công việc
   

  

**Số Lượng**
 2
   

  

**Địa Điểm**
 Hà Nội
   

  

**Kinh Nghiệm**
 3 năm
   

  

**Trình Độ**
 Junior
   

  

**Hình Thức**
 Toàn thời gian
   

  

**Kỹ Năng**
 SE","IT Services and IT Consulting","https://vn.linkedin.com/company/vtijsc","https://media.licdn.com/dms/image/v2/D560BAQFSW9acksidOQ/company-logo_100_100/B56ZjLeoBPHMAQ-/0/1755760460714/vtijsc_logo?e=2147483647&v=beta&t=EJd7eUHN8fzEj5WDs1mTJTU5i98jcUYc3gKKbojulAc","","","","","","","","","","",""
"li-4335889110","linkedin","https://www.linkedin.com/jobs/view/4335889110","","Full Stack Engineer (C#, .NET, JavaScript)","MiTek Vietnam","","2025-11-14","fulltime","","","","","",False,"mid-senior level","Engineering and Information Technology","","","We are seeking a Senior Software Engineer to join our global ERP product development team. This role offers the opportunity to work in a collaborative, cross\\-functional, and international environment, building enterprise\\- grade solutions that empower users worldwide. The ideal candidate will be a strong full\\-stack engineer with a passion for quality, scalability, and teamwork.
 



  





**Key Responsibilities** 




 \\- Design, develop, test, and maintain high\\-quality software solutions using modern full\\-stack
 



 technologies.
 



 \\- Lead technical design and implementation for large or complex features, ensuring scalability, maintainability, and performance.
 



 \\- Refactor and modernize existing codebases to improve efficiency and quality.
 



 \\- Collaborate cross\\-functionally with Product Management, QA, and other engineering teams to deliver solutions that meet both business and technical goals.
 



 \\- Work effectively in an Agile environment (Scrum or Kanban) to deliver value iteratively and
 



 continuously.
 



 \\- Communicate and collaborate with global teams and stakeholders across different time zones.
 



 \\- Train and mentor junior team members, promoting knowledge sharing and continuous learning.
 



  





**Requirements:** 




 \\- Bachelor’s or Engineer’s degree in Computer Science, Architecture, or Structural Engineering (or
 



 equivalent practical experience).
 



 \\- Proficiency in C\\#, .NET, SQL, Angular, HTML, CSS, JavaScript, and other relevant development tools and languages.
 



 \\- Experience in developing Web Applications and Desktop Applications.
 



 \\- English proficiency at B2 CEFR level or above (or equivalent) is required for effective communication with global teams.
 



 \\- Strong understanding of software architecture, design patterns, and best practices.
 



 \\- Experience working in Agile development environments and collaborating with distributed/global
 



 teams.
 



 \\- Excellent problem\\-solving, communication, and teamwork skills.
 



**Preferred Skills** 




 \\- Experience developing Mobile Applications.
 



 \\- Familiarity with various testing types and quality assurance practices.
 



 \\- Hands\\-on experience with ERP implementation or enterprise\\-level software systems.
 



 \\- Understanding of the Software Development Life Cycle (SDLC) and Agile methodologies.
 



 \\- Exposure to cloud platforms (e.g., Azure, AWS) and CI/CD pipelines is a plus.
 



  





**Benefits:** 




 \\- Extremely competitive salary
 



 \\- 13th month \\& productivity Bonus
 



 \\- Yearly salary review
 



 \\- Healthcare insurance package
 



 \\- 24/24 Personal accident insurance
 



 \\- State\\-of\\-the\\-art office environment
 



 \\- Yearly company trips
 



 \\- Detailed induction, training and on\\-going career development
 



 \\- Opportunity for overseas training and travel
 



 \\- English training programs
 



 \\- The 5 day work week
 



 \\- Flexible start times
 



 \\- Free lunch, Free parking
 



 \\- Full Social Club including Gym, Zumba, Yoga, Football, Badminton, Swimming","Outsourcing and Offshoring Consulting, IT Services and IT Consulting, and Engineering Services","https://vn.linkedin.com/company/mitek-vietnam","https://media.licdn.com/dms/image/v2/C560BAQHBBkXcgLTVrA/company-logo_100_100/company-logo_100_100/0/1630664430568/platinum_global_co_ltd_logo?e=2147483647&v=beta&t=-cuOkdfuq2gD2VxXW_Qggq7cyTDEASytxNqNEF_tvSo","","","","","","","","","","",""
"li-4335949182","linkedin","https://www.linkedin.com/jobs/view/4335949182","","Senior Full-Stack Engineer - New Product Development","Sleek","","2025-11-14","fulltime","","","","","",True,"mid-senior level","Information Technology","","","Through proprietary software and AI, along with a focus on customer delight, Sleek makes the back\\-office easy for micro SMEs.
   

  

 We give Entrepreneurs time back to focus on what they love doing \\- growing their business and being with customers. With a surging number of Entrepreneurs globally, we are innovating in a highly lucrative space.
   

  

 We operate 3 business segments:
   

  

* Corporate Secretary: Automating the company incorporation, secretarial, filing, Nominee Director, mailroom and immigration processes via custom online robots and SleekSign. We are the market leaders in Singapore with :5% market share of all new business incorporations
* Accounting \\& Bookkeeping: Redefining what it means to do Accounting, Bookkeeping, Tax and Payroll thanks to our proprietary SleekBooks ledger, AI tools and exceptional customer service
* FinTech payments: Overcoming a key challenge for Entrepreneurs by offering digital banking services to new businesses


 Sleek launched in 2017 and now has around 15,000 customers across our offices in Singapore, Hong Kong, Australia and the UK. We have around 500 staff with an intact startup mindset.
   

  

 We have recently raised Series B financing off the back of \\>70% compound annual growth in Revenue over the last 5 years. Sleek has been recognised by The Financial Times, The Straits Times, Forbes and LinkedIn as one of the fastest growing companies in Asia.
   

  

 Backed by world\\-class investors, we are on track to be one of the few cash flow positive, tech\\-enabled unicorns based out of Singapore.
   

  

**Requirements**
**Mission:**
 The Senior Full\\-Stack Engineer is responsible for owning the architecture, development, and scaling of Sleek's next\\-generation digital products.
   

  

 This role's mission is to combine backend engineering, API integration, and frontend development to deliver secure, performant, and user\\-centric web applications that integrate seamlessly with Sleek's CRM and analytics systems.
   

  

 You'll work closely with product, design, and growth teams to take products from prototype → launch → global scale, ensuring:
   

  

* High engineering quality
* Full security and compliance
* Strong data integrity
* Smooth user experience


**Outcomes:**
**Build and Launch the MTD Product Backend**
* Develop the core backend system for the Making Tax Digital (MTD) product — including sandbox and live HMRC integrations
* Ensure the product meets production\\-grade reliability, security, and compliance standards
* Deliver clear API documentation and support multi\\-environment deployments (sandbox → live)


**Integrate Sleek's CRM and Analytics Systems**
* Connect the product's backend with Sleek's CRM for customer and transaction data flow
* Implement event tracking and analytics integrations (e.g. Mixpanel, GA4, PostHog) for real\\-time product insights
* Define and deploy conversion and engagement metrics pipelines to enable data\\-driven growth


**Deploy to Scalable Production Infrastructure**
* Lead the end\\-to\\-end deployment of the full\\-stack system using AWS, Railway, or Vercel
* Set up CI/CD pipelines and monitoring for uptime, error tracking, and security compliance
* Achieve production reliability and cost\\-optimized serverless scaling


**Deliver a Secure, Compliant Platform**
* Implement GDPR\\-compliant data handling and secure OAuth 2\\.0 flows for authentication and integrations
* Establish and document best practices for encryption, API security, and access control


**Enable Long\\-Term Maintainability**
* Produce clean, testable, and documented codebases using FastAPI / Node.js / React / Next.js
* Set up unit/integration testing frameworks (Pytest, Jest, Postman suite)
* Ensure future engineers can easily extend and scale the system


**Must Have Requirements**
* 6 \\- 8 years of experience as a Full Stack Engineer
* 4 \\- 5 years of experience as a Back End Engineer
* 3 \\- 4 years of experience as a Front End Engineer
* 2 plus years of experience in building production B2B SaaS or FinTech products
* 6 plus years of experience in Backend: Node.js / Nest.js
* 6 plus years of experience in Frontend: React / Next.js
* APIs: REST, OAuth 2\\.0, JSON schemas, Postman
* DevOps: AWS, Docker, CI/CD pipelines
* Security: GDPR
* Database: PostgreSQL
* Proven record of delivering live, production\\-grade systems independently or as lead developer
* Experience taking prototypes to production (Replit to AWS/Vercel)
* Experience in working in a fast paced environment of a startup
* Strong grasp of scalable architecture and complex API integrations
* Confident in making technical decisions in fast\\-paced environments
* Bonus: experience with accounting, tax, or FinTech APIs


 Behavioural fit is also important at Sleek, and we will be looking for candidates that have a proven track record of embodying the below attributes in their recent roles:
   

  

**Ownership:** 
 This shows reliability and helps build trust within the team. We move fast and need to know that everyone will see things through to completion and proactively help to get things back on track when challenges arise. Accountability is really important to us.
   

  

**Humility:** 
 There is so much we don't know. Humility allows for open\\-mindedness to feedback and a willingness to learn from others. It paves the way for collaboration and creates a positive work environment. It is a key ingredient of self awareness and emotional intelligence.
   

  

**Structured Thinking:** 
 Our business is complex with many layers (many services, many countries, many cultures). Regardless of whether you're more analytical or creative in nature, being able to show sound judgement is important to us. It ensures solutions are pragmatic and balance the needs of the organisation, team and customers.
   

  

**Data driven:** 
 We are a data rich business with :15,000 small customers. Each decision we make can impact many more people than we realise \\- so it's critical that we use sound data to support our strategies and review the success of our initiatives.
   

  

**Interview Process:**
 The successful candidate will participate in the below interview stages.
   

  

 A :15 minute chat with a member of the HR Team
   

  

 Take Home Assessment:
   

  

 A take\\-home assessment to demonstrate your knowledge and skills in both frontend and backend development.
   

  

 Estimated time: 2 hours.
   

  

 Note: Assessment is unrelated to Sleek's business, and will not be used or distributed beyond the interview process.
   

  

 Case study interview
   

  

 A :90 minute chat with the member of the team to validate the technical aptitude of the candidate.
   

  

 Career Deep Dive/Behavioral fit interview
   

  

 A :30 minute chat with the senior management to assess behavioural and culture fit
   

  

 Offer \\+ reference calls
   

  

 We'll make a non\\-binding offer verbally or over email, followed by a couple of short phone or video calls with references that you provide to us.
   

  

 Requirement for background screening
   

  

 Please be aware that Sleek is a regulated entity and as such is required to perform different levels of background checks on staff depending on their role.
   

  

 This may include using external vendors to verify the below:
   

  

 Your education
   

  

 Any criminal history
   

  

 Any political exposure
   

  

 Any bankruptcy or adverse credit history
   

  

 We will ask for your consent before conducting these checks. Depending on your role at Sleek, an adverse result on one of these checks may prohibit you from passing probation.
   

  

 By submitting a job application, you confirm that you have read and agree to our Data Privacy Statement for Candidates, found at sleek.com.
   

  

**Benefits**
 Some other great things about working at Sleek...
   

  

**Humility and kindness** 
 : Humility is a core attribute we hire for, which means we have a culture of not taking ourselves too seriously and being able to laugh. Kindness is also incredibly important. We are committed to creating and nurturing a diverse and inclusive environment.
   

  

**Flexibility:** 
 You'll be able to work from home. If you need to start early or start late to cater to your family or other needs, we don't mind, so long as you get your work done and proactively communicate. You can also work fully remote from anywhere in the world for 1 month each year
   

  

**Financial benefits:** 
 We pay competitive market salaries and provide staff with generous paid time off and holiday schedules.
   

  

**Personal growth:** 
 You'll get a lot of responsibility and autonomy at Sleek \\- we move at a fast pace so you'll be making decisions, making mistakes and learning. There's also a range of internal and external facing training programmes we run. We're also at the forefront of utilising AI in our space and are developing a regional centre of AI excellence. It is our intention that if you leave Sleek, you leave as a more well\\-rounded person and professional.
   

  

 Sleek is also a proudly certified B Corp. Since we started our journey in 2017, we've been committed to building Sleek as a force for good. In just over 5 years, we've joined a community of industry leaders like Patagonia, Ben \\& Jerry's, and P\\&G who are building an inclusive, equitable, and a regenerative economy. We have planted over 29,271 trees to reforest our ecosystem and saved 7 tons of paper from landfills by processing over 1\\.4M pages through SleekSign. We aim to be Carbon Neutral by 2030\\.","IT Services and IT Consulting","https://sg.linkedin.com/company/sleekcorp","https://media.licdn.com/dms/image/v2/C560BAQHWI-zSES4n-w/company-logo_100_100/company-logo_100_100/0/1630897356530/sleekcorp_logo?e=2147483647&v=beta&t=7Llh6kQSLE_4yVDO_eg4FAL4KrtZBuKAU1hSBc-jI1c","","","","","","","","","","",""
"li-4322522538","linkedin","https://www.linkedin.com/jobs/view/4322522538","","Frontend Developer","AnyAxis Labs","","2025-11-14","fulltime","","","","","",False,"mid-senior level","Engineering and Information Technology","","talent@anyax.is","**Frontend Engineer Job Description** 




**Position:** 

 Senior Frontend Engineer 
 




**Location:** 

 The Manor Central Park, Hanoi
 




**Employment Type:** 

 Full\\-time
 




**Salary Range:** 

 Negotiable
 




  





**Job Description:** 





 We are looking for an experienced Senior Frontend Engineer to join our team. You will be responsible for developing and optimizing high\\-performance, visually stunning user interfaces for web applications. Your expertise in modern front\\-end technologies will be critical in delivering seamless, responsive, and scalable solutions for decentralized finance (DeFi) platforms and trading applications.
 




  




**What you’ll do** 
* Architect and build modern web applications using React, Vite, TypeScript, Shadcn/UI, and Tailwind CSS.
* Collaborate with designers, backend engineers, and product leads to turn creative concepts into production\\-ready interfaces.
* Ensure fast, smooth, and consistent experiences across devices and browsers.
* Architect scalable front\\-end systems using best practices in state management and component design.
* Integrate APIs, WebSockets, and real\\-time data visualizations in collaboration with backend engineers.
* Own performance optimization — code splitting, lazy loading, reducing re\\-renders, and maintaining lightning\\-fast UIs.
* Review code and mentor junior/mid engineers to raise technical quality and maintain clean, maintainable codebases.
* Stay ahead of the latest frontend technologies and trends.



  




**What you’ll bring** 
* 4\\+ years of professional experience in frontend development, including React \\+ TypeScript ecosystems.
* Proven expertise with React, Vite, Tailwind CSS, and Shadcn/UI (or equivalent modern stack).
* Deep understanding of component architecture, state management, and performance profiling.
* Strong background in responsive design and cross\\-browser compatibility.
* Proven skills in API integrations, WebSockets, and real\\-time data rendering.
* Familiarity with testing frameworks (Jest, React Testing Library, Vitest) and CI/CD pipelines.
* Experience participating in technical planning, code reviews, and system design discussions.
* Awareness of accessibility (a11y) and UX best practices.



  





**Nice to have** 



* Web3 or blockchain development experience.
* Knowledge of DeFi platforms or trading systems.
* Familiarity with server\\-side rendering (Next.js) or static site generation.
* Past work in fintech, blockchain, or fast\\-paced startup environments.
* Enthusiasm for great UX, functional elegance, and building performant systems that feel effortless.



  




**What we offer** 
* Competitive salary and performance\\-based bonuses, equity.
* Flexible working hours culture.
* The chance to work on innovative DeFi and blockchain products.
* Support for continuous learning, experimentation, and professional growth.
* A collaborative and ownership\\-driven environment where ideas move fast.



  





**How to Apply:** 





 If you are interested in this opportunity, please send your resume, portfolio, and a brief cover letter to
 
 talent@anyax.is
 
 with the subject line:
 
**Application for Senior Frontend Engineer Position** 

 .
 





 Join us in shaping the future of decentralized finance and trading technology by delivering world\\-class user experiences! 🚀","Blockchain Services","https://www.linkedin.com/company/anyaxis-labs","https://media.licdn.com/dms/image/v2/D560BAQEimJvOcrmHTg/company-logo_100_100/company-logo_100_100/0/1738755884080/anyaxis_labs_logo?e=2147483647&v=beta&t=jW5oBJTPwTwH0ezHt_muU8hVh2nJfeM-HE9-uhE8S20","","","","","","","","","","",""
"li-4336280647","linkedin","https://www.linkedin.com/jobs/view/4336280647","","Backend Developer","Lovepop","Ho Chi Minh City, Ho Chi Minh City, Vietnam","2025-11-14","fulltime","","","","","",False,"not applicable","Engineering and Information Technology","","","**About Lovepop**




  






 Lovepop is on a mission to create one billion magical moments.  We combine art x engineering to create the most magical paper art cards \\& gifts.  Featured on Shark Tank in 2015, Lovepop has become one of the top 10 Shark Tank investments in lifetime revenue.  Lovepop consistently ranks in the top Google results for cards online, enjoys 18% national brand awareness, and has helped its customers create over 50 million magical moments.  Our vision is to be the \\#1 online card destination for cards and we are building the team of A\\+ talent that will take us there.
 




  





**About the role
 
  






 We are seeking a Backend Developer to build and maintain scalable microservices and modern APIs using .NET Core. In this role, you will develop clean, high\\-quality backend services, optimize system performance, and contribute to technical improvements across our platform. You will collaborate closely with the engineering team in an Agile environment to deliver reliable, well\\-structured solutions that support our product growth.
 





  




**Accountabilities** 
* Develop and maintain microservices using .NET Core and C\\#
* Build RESTful APIs, GraphQL APIs, and web applications with Razor Pages/MVC
* Write clean, testable code following SOLID principles and conduct code reviews
* Troubleshoot issues and implement new features with performance optimization in mind
* Deploy and monitor services using Docker
* Write unit tests and maintain technical documentation
* Collaborate with team using Git and Agile methodologies



  




**Qualifications** 
* Bachelor's Degree in Computer Science or related field
* 4\\+ year experience with .NET Core in production environments
* Strong skills in C\\#, ASP.NET Core Web API, RESTful API, and GraphQL
* In\\-depth understanding and hands\\-on experience with microservices architecture
* Proficient in Entity Framework Core and PostgreSQL
* Experience with AWS cloud platforms
* Performance\\-oriented mindset with focus on optimization
* Good English communication skills (written and verbal)






  




  


**Lovepop Values** 




**Engineering** 
 : Curiosity to discover how the world works
 



**Hunger** 
 : Desire to take on more than is expected
 



**Magic** 
 : Delivering unexpected experiences
 



**Connection** 
 : Building relationships with each other
 


  


 We may use artificial intelligence (AI) tools to support parts of the hiring process, such as reviewing applications, analyzing resumes, or assessing responses. These tools assist our recruitment team but do not replace human judgment. Final hiring decisions are ultimately made by humans. If you would like more information about how your data is processed, please contact us.**","Retail","https://www.linkedin.com/company/lovepop-cards","https://media.licdn.com/dms/image/v2/C4D0BAQEcJErP0ob8Nw/company-logo_100_100/company-logo_100_100/0/1630551098939/lovepop_cards_logo?e=2147483647&v=beta&t=J8qwU2OszYJ3dkLbcTIMvpgodx30gKSGrAHBcIa3Jog","","","","","","","","","","",""
"li-4336028458","linkedin","https://www.linkedin.com/jobs/view/4336028458","","Web Developer (Fresher/ Entry Level)","PioneerX","Hanoi, Hanoi, Vietnam","2025-11-14","fulltime","","","","","",False,"entry level","Engineering and Information Technology","","","**MÔ TẢ CHUNG** 





 PioneerX là một start\\-up trẻ, năng động, chuyên về thương mại điện tử quốc tế và các dịch vụ digital marketing. Từ một start\\-up nhỏ, PioneerX đã phát triển nhanh chóng và trở thành một đối thủ đáng chú ý trong ngành. Chúng tôi luôn cam kết xây dựng những giải pháp sáng tạo dựa trên dữ liệu. Với niềm tin rằng mỗi thương hiệu đều có một câu chuyện riêng, đội ngũ PioneerX kết hợp công nghệ tiên tiến với các chiến lược sáng tạo để đạt được mục tiêu kinh doanh. Mục tiêu của chúng tôi là trao quyền cho các doanh nghiệp thông qua những dịch vụ được thiết kế riêng, giúp thúc đẩy thành công và đổi mới trong lĩnh vực thương mại điện tử.
 




  





**MÔ TẢ CÔNG VIỆC** 




**Triển khai \\& duy trì hệ thống web:** 



* Phối hợp với team Tech (backend, data engineer) để triển khai các công cụ, dashboard, và automation lên web server hoặc hosting.
* Đảm bảo hệ thống web chạy ổn định, nhiều người có thể truy cập và sử dụng cùng lúc.



**Web deployment \\& integration:** 



* Làm việc với các tool/code React, ViteJS, JavaScript, Python, Node.js hoặc framework có sẵn để đưa chúng lên giao diện web cho người dùng.
* Thiết lập, quản lý hosting (VPS, AWS, Render, Vercel, v.v.) và domain cho các project khác nhau.
* Triển khai API, database, hoặc ứng dụng dưới dạng web\\-based tools.



**Tối ưu \\& bảo mật:** 



* Theo dõi hiệu năng, xử lý lỗi phát sinh, đảm bảo an toàn dữ liệu người dùng.
* Cập nhật, backup và maintain định kỳ hệ thống web.



**Phối hợp đội nhóm:** 



* Làm việc chặt chẽ với backend, data, và automation team để chuyển các project local thành ứng dụng web.
* Hỗ trợ team trong việc test, fix bug, và cải thiện UX/UI cơ bản nếu cần.



  





**YÊU CẦU** 



* Tốt nghiệp hoặc sinh viên năm cuối các ngành Công nghệ thông tin, Khoa học máy tính, Kỹ thuật phần mềm, hoặc liên quan.
* Bắt buộc: đã có ít nhất 1 dự án website đã deploy thành công cho nhiều người sử dụng thực tế (cần show demo hoặc link project).
* Biết sử dụng Git/GitHub, Docker, hoặc các nền tảng deployment phổ biến (Render, Vercel, Netlify, AWS, etc.)
* Có hiểu biết tốt về backend (Node.js/Python/Flask/FastAPI) và database (MySQL, MongoDB, PostgreSQL, etc.)
* Có tư duy logic, kỹ năng giải quyết vấn đề và khả năng học nhanh.
* Ưu tiên: có kinh nghiệm với CI/CD, API integration, hoặc các hệ thống triển khai thực tế.
* Tiếng Anh đọc hiểu tài liệu kỹ thuật tốt.



  





**QUYỀN LỢI** 



* **Thu nhập cạnh tranh** 

 : 
 
**7\\.000\\.000 \\- 10\\.000\\.000 VNĐ** 

 (tùy theo năng lực và kinh nghiệm).
* Làm việc trực tiếp cùng team Tech trong các dự án automation, AI, và web\\-based tools thực tế của công ty.
* Được hướng dẫn để phát triển thành 
 **Senior Full\\-stack Developer** 
  hoặc 
 **DevOps Engineer** 
  trong tương lai.
* Môi trường startup trẻ, năng động, được thử nghiệm và triển khai ý tưởng thực tế.
* Cơ hội tiếp cận hệ thống dữ liệu thật và quy trình vận hành thương mại điện tử.
* **Chế độ bảo hiểm đầy đủ** 
 theo đúng quy định của pháp luật.
* **Thưởng lễ Tết, sinh nhật, cuối năm,** 
 và 
 **thưởng theo hiệu suất làm việc** 
 /doanh số theo từng giai đoạn mục tiêu cụ thể.
* **Chính sách nghỉ phép linh hoạt:** 
  Bao gồm nghỉ phép năm, nghỉ lễ và nghỉ ốm linh hoạt theo tình hình thực tế.
* **Thời gian làm việc** 
 : từ Thứ Hai \\- Thứ Sáu.
* Địa chỉ: 203 Nguyễn Huy Tưởng, Thanh Xuân, Hà Nội.","International Trade and Development","https://vn.linkedin.com/company/pioneerx","https://media.licdn.com/dms/image/v2/D560BAQFbCuz7uwlfuQ/company-logo_100_100/company-logo_100_100/0/1687062767848?e=2147483647&v=beta&t=ATA4FuKDTRYhDVAJQ72dt9XQmegewzNlO6IZMRDFHHw","","","","","","","","","","",""
"li-4335875212","linkedin","https://www.linkedin.com/jobs/view/4335875212","https://dungnguoidungviec.com/tin-tuyen-dung/junior-software-engineer-back-end-pizza-4ps-26XP9nQf0OAPN5o&urlHash=CDQ3","Junior Software Engineer (Back-End)","ĐÚNG NGƯỜI ĐÚNG VIỆC Community","Phường Chí Minh, Hai Duong, Vietnam","2025-11-13","fulltime","","","","","",False,"entry level","Engineering and Information Technology","","","Mô tả công việc
   

  

* Full\\-Stack Back\\-End Development:
* Develop and maintain robust back\\-end systems and databases to support web and mobile applications.
* Utilize technologies such as ASP.NET, PostgreSQL, and MongoDB to create efficient and scalable back\\-end solutions.
* AI, IoT, and Service Cloud Integration:
* Collaborate with cross\\-functional teams to integrate AI solutions for enhanced user experiences, including personalized recommendations and chatbots.
* Incorporate IoT devices and sensors for data collection and analysis to improve operational efficiency.
* Leverage Service Clouds to streamline customer service and support processes.
* Database Management:
* Design and manage database systems, including PostgreSQL and MongoDB, to ensure efficient data storage and retrieval.
* Optimize database performance, maintain data integrity, and implement data migration and transformation processes.
* Solution Design:
* Work with cross\\-functional teams to understand business requirements and translate them into technical solutions with back\\-end components.
* Design and architect back\\-end solutions that enhance the functionality of web and mobile applications.
* Coding and Implementation:
* Write high\\-quality, maintainable code following best practices and design patterns.
* Implement new features, functionality, and improvements to existing applications, integrating AI, IoT, Service Cloud, and database capabilities.
* Testing and Quality Assurance:
* Develop and execute test plans, including unit tests and UI testing, to ensure software reliability and performance with AI, IoT, Service Cloud, and database components.
* Debug and resolve issues to optimize application and database performance and security.
* Cross\\-Platform Development:
* Develop and maintain back\\-end systems to support mobile applications for iOS and Android using technologies like Flutter.
* Ensure a consistent user experience across platforms, incorporating AI, IoT, Service Cloud, and database features.
* Documentation and Reporting:
* Maintain comprehensive technical documentation, including code comments, architecture diagrams, and development guidelines for back\\-end solutions.
* Provide regular progress reports to the team and stakeholders.
* Continuous Learning and Innovation:
* Stay updated on emerging technologies and industry trends, particularly in AI, IoT, Service Clouds, and database management.
* Identify opportunities for innovation and improvement in our digital solutions with AI, IoT, Service Clouds, and databases.


 Yêu cầu công việc
   

  

* Bachelor‘s degree in Computer Science, Software Engineering, or a related field (Master‘s degree preferred).
* Proven experience as a Back\\-End Developer with a minimum of 1\\-2 years of experience, including expertise in back\\-end technologies, AI, IoT, Service Clouds, and databases such as PostgreSQL and MongoDB.
* Strong knowledge of ASP.NET, PostgreSQL, MongoDB, and relevant best practices.
* Experience with software architecture, design patterns, and back\\-end development.
* Effective problem\\-solving and debugging skills.
* Strong communication and collaboration skills.
* Ability to thrive in an agile development environment with a focus on AI, IoT, Service Clouds, and databases.


 Tại sao bạn yêu thích làm việc tại đây
   

  

* Competitive salary \\& allowances
* 13th month salary
* 12 annual leave days
* 24/7 accident insurance
* Internal discount (\\~50%) for brands of Pizza 4P‘s, Ippudo, About Life Coffee, etc","Professional Organizations","https://vn.linkedin.com/company/dungnguoidungviec","https://media.licdn.com/dms/image/v2/D560BAQGZgbFhjnuiQg/company-logo_100_100/company-logo_100_100/0/1729133843131/dungnguoidungviec_logo?e=2147483647&v=beta&t=8shfQI8yy1G9nDMFKw43NJhX3jttLF5Xpl3u3PKfUqQ","","","","","","","","","","",""
"li-4322932490","linkedin","https://www.linkedin.com/jobs/view/4322932490","","Software Engineer / Full Stack Engineer- Vienam","Rackspace Technology","","","fulltime","","","","","",False,"not applicable","Engineering and Information Technology","","","**Software Engineers Role Description:**
 Engineers will work in a newly formed squad \\- with a diverse skillset \\- and the purpose of modernising / automating existing manual processes. The end goal is to support devsecops strategy and squads of engineers to run and operate their product or services with no overhead, less friction and modern engineering practices.
   

  

**Must have skills :**
 Developing 3\\-tier application both on\\-premises and on cloud covering:
   

  

 Frontend: React and Redux (preferred) or Angular.
   

  

 Backend: .Net Core (preferred), C\\#.
   

  

 Database: SQL and NoSQL experience (both admin and usage).
   

  

 Microservices design and implementation of highly scalable APIs.
   

  

 Scripting/programming languages (i.e., C\\# , JavaScript, TypeScript, Go, Python).
   

  

 CI/CD tools (i.e. GitHub Actions, TeamCity or Octopus).
   

  

 Cloud Solution Architecture / Development / Security / IaaC (AWS \\+ Azure)
   

  

 Infrastructure as Code (Terraform or CloudFormation).
   

  

**Good to Have Experience :**
 Automated Quality Engineering and Testing (Unit Testing, Regression Testing).
   

  

 Solution and System Design.
   

  

 Application Security. Observability.
   

  

 Code quality control through peer programming, code review and automated pipeline release management.
   

  

 Configuration Management. Containerisation
   

  

 We may use artificial intelligence (AI) tools to support parts of the hiring process, such as reviewing applications, analyzing resumes, or assessing responses. These tools assist our recruitment team but do not replace human judgment. Final hiring decisions are ultimately made by humans. If you would like more information about how your data is processed, please contact us.","IT Services and IT Consulting","https://www.linkedin.com/company/rackspace-technology","https://media.licdn.com/dms/image/v2/D560BAQETuNdGCduIKA/company-logo_100_100/company-logo_100_100/0/1689621404159/rackspace_technology_logo?e=2147483647&v=beta&t=hQ3w-we85o_YowttmLG9_b0LyiFJRnqThvAwoQec4Sk","","","","","","","","","","",""
"li-4336158796","linkedin","https://www.linkedin.com/jobs/view/4336158796","","Full-stack Software Engineer (ReactJS & Java)","KMS Technology, Inc.","Ho Chi Minh City, Ho Chi Minh City, Vietnam","","fulltime","","","","","",False,"executive","Engineering and Information Technology","","","**Company Description**
 KMS Technology is a strategic engineering company helping businesses turn bold ideas into high\\-impact solutions—faster. Founded in 2009 as a U.S.\\-based services company, we’ve grown into a global organization with locations in the US, Vietnam, and Mexico.
   

  

 KMS is trusted globally for the quality of our engineering and consulting services. We bring deep expertise in product development and quality assurance, AI\\-native engineering, and delivery excellence to every engagement. Our mission is to help customers build what’s next—accelerating innovation, crafting brilliant solutions, and creating real\\-world impact. At KMS, we believe sustainable growth is built on the success of our clients and employees and in making a lasting contribution to our communities within 3 main business sectors:
   

  

* Enterprise software development services: Leverage software domain expertise to help clients make better business decisions in technology platforms, increase speed\\-to\\-market, and gain critical development support through innovative technology solutions
* Healthcare technology solutions: Build transformative next\\-gen technologies to solve healthcare’s most challenging problems, providing innovative tools and expertise to providers, payers, life sciences, and medical technology vendors
* Banking, Financial Services \\& Insurance (BFSI) technology solutions: Empower BFSI businesses to embrace the digital finance revolution and expedite clients’ journey towards complete digitalization, technology consulting, data analytics, software development, and software quality


 Job Description
   

  

* Design, develop, and maintain web applications using ReactJS for the front\\-end and Java/Spring Boot for the back\\-end.
* Collaborate with product managers, designers, and other engineers to translate requirements into technical solutions.
* Build reusable and scalable components, optimize performance and maintain security best practices.
* Implement and integrate RESTful APIs between frontend and backend modules.
* Write clean, maintainable, and efficient code following best practices.
* Participate in code reviews, testing, and debugging processes.
* Work in an Agile/Scrum environment to deliver features and improvements.
* Continuously learn and apply new technologies to improve code quality and team efficiency.
* Perform other tasks assigned by the Line Manager.


 Qualifications
   

  

**General requirements:**
* Bachelor's degree in Computer Science, Information Technology, or a related field.
* At least an intermediate English communication skills (both verbal \\& written).
* Likely having 2\\+ years of experience (flexible depending on how fast your learning and technical developing capabilities are).
* Strong problem\\-solving and analytical skills.
* Growth mindset, proactive attitude, and commitment to learning new technologies.
* Ability to work independently while collaborating effectively in Agile/Scrum teams.


**Technical requirements:**
* Hands\\-on experience with front\\-end technologies, particularly React.js, JavaScript/TypeScript, HTML5, and CSS3\\.
* Hands\\-on experience with Java / Spring Boot on real project work.
* Knowledge of RESTful API integration and frontend–backend communication.
* Strong understanding of SPA concepts, including routing, data binding, and API communication (JSON\\-based RESTful APIs).
* Familiarity with the Unit Test frameworks such as Karma/Mocha, Jasmine, QUnit
* Practice knowledge of website optimization techniques and fast page load times.
* Basic understanding of cloud environments (AWS, Azure, or GCP) is a plus.


 Additional Information
   

  

***Perks You'll Enjoy***
* Working in one of the Best Places to Work in Vietnam
* Building large\\-scale \\& global software products
* Working \\& growing with Passionate \\& Talented Team
* Diverse careers opportunities with Software Outsourcing, Software Product Development, IT Solutions \\& Consulting
* Attractive Salary and Benefits
* Performance appraisals every year and performance bonus
* Onsite opportunities: short\\-term and long\\-term assignments in North American (U.S, Canada), Europe, Asia.
* Flexible working time
* Various training on hot\\-trend technologies, best practices and soft skills
* Premium healthcare insurance for you and your loved ones
* Company trip, big annual year\\-end party every year, team building, etc.
* Fitness \\& sport activities: football, tennis, table\\-tennis, badminton, yoga, swimming…
* Joining community development activities: 1% Pledge, charity every quarter, blood donation, public seminars, career orientation talks,…
* Free in\\-house entertainment facilities (foosball, ping pong, gym…), coffee, and snack (instant noodles, cookies, candies…)


 And much more, join us and let yourself explore other fantastic things!","Software Development","https://www.linkedin.com/company/kms-technology","https://media.licdn.com/dms/image/v2/D560BAQGXVhec2PO0sA/company-logo_100_100/B56ZpUvvZbJwAQ-/0/1762358392885/kms_technology_logo?e=2147483647&v=beta&t=XtR7ZJu4b-LHO-2_kVuOuknl9dT4Yb1KHqK2Xuxxl8c","","","","","","","","","","",""
"li-4278613284","linkedin","https://www.linkedin.com/jobs/view/4278613284","","Frontend Engineer","WorldQuant","Ho Chi Minh City, Ho Chi Minh City, Vietnam","","fulltime","","","","","",False,"mid-senior level","Engineering and Information Technology","","","WorldQuant develops and deploys systematic financial strategies across a broad range of asset classes and global markets. We seek to produce high\\-quality predictive signals (alphas) through our proprietary research platform to employ financial strategies focused on market inefficiencies. Our teams work collaboratively to drive the production of alphas and financial strategies – the foundation of a balanced, global investment platform.
   

  

 WorldQuant is built on a culture that pairs academic sensibility with accountability for results. Employees are encouraged to think openly about problems, balancing intellectualism and practicality. Excellent ideas come from anyone, anywhere. Employees are encouraged to challenge conventional thinking and possess an attitude of continuous improvement.
   

  

 Our goal is to hire the best and the brightest. We value intellectual horsepower first and foremost, and people who demonstrate an outstanding talent. There is no roadmap to future success, so we need people who can help us build it.
   

  

 Technologists at WorldQuant research, design, code, test and deploy firmwide platforms and tooling while working collaboratively with researchers. Our environment is relaxed yet intellectually driven. We seek people who think in code and are motivated by being around like\\-minded people.
   

  

**What You'll Do**
* Develop/Maintain internal web applications on cloud and on premise
* Write well designed, testable code by using state of the art software development practices
* Create website layout/user interface by using standard HTML/CSS practices
* Create and maintain software documentation


**What You’ll Bring**
* Experience in HTML, CSS, JavaScript/TypeScript
* 4 years of demonstrated experience developing scalable and robust software web applications
* Experience with popular JavaScript libraries and tools such as React.js, jQuery, NPM
* Expertise in Python web frameworks such as Django, Flask and others
* Experience with CI/CD and version control systems
* Experience with GCP
* Working experience with SQL databases (MySQL, PostgreSQL)
* A solid background in Unix/Linux environment
* Excellent debugging and problem\\-solving skills
* Strong knowledge and understanding of algorithm and data structures
* Finance experience is not required


**What We Offer**
* Competitive and attractive compensation package with clear career road\\-map – where you feel challenged everyday
* We offer a strong culture of learning and development: training courses, library, speakers, share and learn events
* Learn from who sits next to you! Working in WQ you are surrounded by smart and talented people
* Premium Health Insurance and Employee Assistance Program
* Generous time\\-off policy, re\\-creation sabbatical leave (based on tenure), Trade Union benefits for staff and family
* Team building activities every month: Local engagement events, monthly team lunch – Employee clubs: football, ping\\-pong, badminton, yoga, running, PS5, movies, etc.
* Annual company trip and occasional global conferences – opportunity to travel and connect with our global teams
* Happy\\-hour with tea break, snacks and meals every day in the office!


 By submitting this application, you acknowledge and consent to terms of the WorldQuant Privacy Policy. The privacy policy offers an explanation of how and why your data will be collected, how it will be used and disclosed, how it will be retained and secured, and what legal rights are associated with that data (including the rights of access, correction, and deletion). The policy also describes legal and contractual limitations on these rights. The specific rights and obligations of individuals living and working in different areas may vary by jurisdiction.
   

  

 Copyright © 2025 WorldQuant, LLC. All Rights Reserved.
   

  

 WorldQuant is an equal opportunity employer and does not discriminate in hiring on the basis of race, color, creed, religion, sex, sexual orientation or preference, age, marital status, citizenship, national origin, disability, military status, genetic predisposition or carrier status, or any other protected characteristic as established by applicable law.","Financial Services","https://www.linkedin.com/company/worldquant","https://media.licdn.com/dms/image/v2/C4E0BAQHlu_IiYRNYHQ/company-logo_100_100/company-logo_100_100/0/1651252049780/worldquant_logo?e=2147483647&v=beta&t=58woaXvHFRRnldOXVDoPhdwvWmNdsujKF6-UkICIbL4","","","","","","","","","","",""
